act_name,exogeneity,category,motivation,source,date
Revenue Act of 1945,Endogenous,Spending-driven,"full employment in peacetime can be assured only when the reduction in war demand is approximately offset by additional peacetime demand from the millions of consumers, businesses, and farmers",,
Revenue Act of 1945,Endogenous,Spending-driven,we must overhaul the wartime tax structure to stimulate consumers’ demand and to promote business investment. The elements of such a tax program should be developed now so that it can be put into effect after victory,,01-03-1945
Revenue Act of 1945,Endogenous,Spending-driven,I recommend that a transitional tax bill be enacted as soon as possible to provide limited tax reductions for the calendar year 1946. … [T]he new bill should aim principally at removing barriers to speedy reconversion and to the expansion of our peacetime economy,,
Revenue Act of 1945,Endogenous,Spending-driven,"No backlog of demand can exist very long in the face of our tremendous productive capacity. We must expect again to face the problem of shrinking demand and consequent slackening in sales, production, and employment. This possibility of a deflationary spiral in the future will exist unless we now plan and adopt an effective full employment program",,
Revenue Act of 1945,Endogenous,Spending-driven,were designed to encourage reconversion and peacetime business expansion,,01-21-1946
Revenue Act of 1945,Endogenous,Spending-driven,We must reconcile ourselves to the fact that room for tax reduction at this time is limited. A total war effort cannot be liquidated overnight,,
Revenue Act of 1945,Endogenous,Spending-driven,The rate of government expenditures—and particularly those expenditures which find their way currently into the pockets of consumers—will be declining rapidly,,
Revenue Act of 1945,Endogenous,Spending-driven,these are deflationary factors,,
Revenue Act of 1945,Endogenous,Spending-driven,"such deflationary dangers as we face are the byproducts … of a titanic physical change-over from war production to peace production. … Therefore, one of the primary objectives of our fiscal policy must be to encourage the boldest, the quickest and most venturesome expansion of peacetime enterprise by business investors",1946 Treasury,
Revenue Act of 1945,Endogenous,Spending-driven,[t]ax reduction for 1946 should be designed to afford the maximum aid and stimulus to reconversion and expansion that is compatible with our revenue needs,,
Revenue Act of 1945,Endogenous,Spending-driven,The bill has been designed to aid both individuals and businesses in the difficult period of transition from war to peace. To accomplish this your committee believes that it is necessary to reduce the high wartime tax rates to provide incentives for business to expand and to increase consumer purchasing power,The House Ways and Means Committee report on the bill,
Revenue Act of 1945,Endogenous,Spending-driven,"Federal expenditures for calendar year 1946 are expected to be much lower, but it is anticipated that the deficit will still be sizable. In view of the probable extent of the deficit in 1946 it is necessary to limit the over-all reduction in taxes",The House report implicitly invoked the fall in expenditure as a factor when it,10-09-1945
Revenue Act of 1945,Endogenous,Spending-driven,"All things considered—the modesty of the reductions made, the nature of the reductions, the prospects of a dwindling Federal budget, and the encouragement given to the production and sale of goods—the new law should greatly aid the reestablishment of a healthful economic environment",,
Revenue Act of 1945,Endogenous,Spending-driven,"Revenue Act of 1945: Summary of Principal Provisions and Questions and Answers,",,
Revenue Act of 1948,Exogenous,Long-run,remove the deterrents to managerial efforts and to the investment of venture capital,,
Revenue Act of 1948,Exogenous,Long-run,It is the additional tax taken out of the extra dollar of income … that determines whether or not it is worth while to make the effort or incur the risk,,03-26-1947
Revenue Act of 1948,Exogenous,Long-run,"H. R. 4790 provides tax reduction, relief, and equalization. It reduces the present extremely high rates of the individual income tax. These rates were a product of wartime conditions, and constitute a serious obstacle to the increase in production needed to relieve current inflationary pressures. The reduction of these rates also is essential to the long-run improvement in the American standard of living",The House report,
Revenue Act of 1948,Exogenous,Long-run,"Your committee’s bill is designed to provide a stimulus to labor, management, and venture capital",the Senate report,01-27-1948
Revenue Act of 1948,Exogenous,Long-run,your committee believes that increased production [from improved incentives] is the most satisfactory answer to the high prices resulting from the pressure of pent-up demand on a limited supply,The report,
Revenue Act of 1948,Exogenous,Long-run,This tax bill is being presented at a time when the future of business conditions is extremely difficult to predict,,
Revenue Act of 1948,Exogenous,Long-run,"should business begin to taper off, the effects of the tax reduction upon incentives to work and to invest would be extremely important, as would also the additional purchasing power generated by the increase in exemptions",It treated inflation and recession as roughly equally likely and,
Revenue Act of 1948,Exogenous,Long-run,"There is no justification now for tax reduction,",s 1948 Budget Message,
Revenue Act of 1948,Exogenous,Long-run,"[s]hould such a recession occur, it would be a temporary slump growing out of transition period difficulties and would call for no revision in our budget policy",s 1948 Budget Message,
Revenue Act of 1948,Exogenous,Long-run,"the bill would greatly increase the danger of further inflation, by adding billions of dollars of purchasing power at a time when demand already exceeds supply at many strategic points in the economy",1948 Budget,
Social Security Amendments of 1950,Endogenous,Spending-driven,"firmly of the belief that the old-age, survivors, and disability insurance program should be on a completely self-supporting basis. Accordingly, the bill eliminates the provision added in 1943 authorizing appropriations to the program from general revenues",The Ways and Means Committee,
Social Security Amendments of 1950,Endogenous,Spending-driven,The schedule of contribution rates was revised to yield larger amounts of future contribution income with a view not only to meeting the higher benefit outlays of the liberalized program but also to making the system self-supporting,Age and Survivors Insurance Trust Fund,
Revenue Act of 1950,Endogenous,Spending-driven,"After the communist aggression in Korea last summer, the Congress recognized the need for greatly increasing the Government’s revenues to meet the grave dangers that confront our country",,
Revenue Act of 1950,Endogenous,Spending-driven,An adequate tax program is our strongest weapon in preventing inflation,He also,
Revenue Act of 1950,Endogenous,Spending-driven,Military action in Korea coupled with substantial increases in defense and related expenditures has made it necessary to convert the excise tax reduction bill passed by the House in June of this year into a bill to raise revenues,,
Revenue Act of 1950,Endogenous,Spending-driven,there is general agreement that these rates must be raised in view of the new expenditures required by the crisis in international affairs,,08-22-1950
Revenue Act of 1950,Endogenous,Spending-driven,This bill is a first step in the financing of the expanded military program resulting from the war in Korea,,
Revenue Act of 1950,Endogenous,Spending-driven,"It seems to me that the tax bill … will raise only a small fraction of the revenue which is needed. It will necessitate borrowing, and will therefore create inflation",Senator Douglas,
Revenue Act of 1950,Endogenous,Spending-driven,"It is not anticipated that these [tax] increases will be of sufficient size to offset the new defense and related expenditures. However, this bill accomplishes all that can be done quickly",,
Revenue Act of 1950,Endogenous,Spending-driven,4.6 billion dollars of additional revenue annually,1950,
Excess Profits Tax Act of 1950,Endogenous,Spending-driven,The Excess Profits Tax Act of 1950,,
Expiration of Excess Profits Tax and of Temporary Income Tax Increases,Endogenous,Spending-driven,the post-Korea tax increases are not allowed to run off as provided by present law,1953 Economic Report,
Expiration of Excess Profits Tax and of Temporary Income Tax Increases,Endogenous,Spending-driven,"The Secretary of the Treasury therefore announced in the plainest possible language that the Administration, besides relinquishing the excess-profits tax, would not seek to postpone the reduction of the personal income tax, averaging approximately 10 percent, scheduled for January 1, 1954",1954 Economic Report,
Expiration of Excess Profits Tax and of Temporary Income Tax Increases,Endogenous,Spending-driven,"Because of billions of dollars of savings in Government spending made in this Administration’s first year, major tax cuts went into effect on January 1",1954 Economic Report,
Expiration of Excess Profits Tax and of Temporary Income Tax Increases,Endogenous,Spending-driven,These tax reductions are justified only because of the substantial reductions we already have made and are making in governmental expenditures,Eisenhower,
Expiration of Excess Profits Tax and of Temporary Income Tax Increases,Endogenous,Spending-driven,"By late September [1953] it was clear that the existing danger of inflation had passed, and that the prospective reduction of Federal expenditure would justify some tax reduction,",The 1954 Economic Report,01-07-1954
Expiration of Excess Profits Tax and of Temporary Income Tax Increases,Endogenous,Spending-driven,"This unequivocal promise of tax relief … bolstered confidence at a time when trade and employment were slipping slightly,",and that as a result the administration,
Expiration of Excess Profits Tax and of Temporary Income Tax Increases,Endogenous,Spending-driven,[m]ore than 5 billion dollars,The 1954 Economic Report,
Expiration of Excess Profits Tax and of Temporary Income Tax Increases,Endogenous,Spending-driven,On January 1st this year your taxes were cut by five billion dollars,The 1954 Economic Report,
Excise Tax Reduction Act of 1954,Endogenous,Spending-driven,"The reductions in expenditures already accomplished, together with those now proposed, justify the tax reductions which took effect January 1 [1954] and the further tax revisions I am recommending",Eisenhower,
Excise Tax Reduction Act of 1954,Endogenous,Spending-driven,"Without these savings, there could have been no tax relief for anyone. Because of these savings, your tax cuts were possible. On January 1st this year your taxes were cut by five billion dollars. The tax revision program now in Congress will cut taxes by over one and a half billion dollars more. … Thus the Government is turning back to you about all that we expect to save this year",,01-21-1954
Excise Tax Reduction Act of 1954,Endogenous,Spending-driven,We are able to stand here and vote for a cut in some excise taxes now because the Eisenhower administration recommended economies last year,,
Excise Tax Reduction Act of 1954,Endogenous,Spending-driven,"One of the most compelling and forceful reasons for supporting this measure, inadequate as it is, arises out of the alarming current unemployment trend throughout the country",,
Excise Tax Reduction Act of 1954,Endogenous,Spending-driven,Enactment of this bill into law will add nearly a billion dollars a year to the spending ability of our people …. This added purchasing power in the hands of the consumer should aid in reversing the business trend,,03-10-1954
Excise Tax Reduction Act of 1954,Endogenous,Spending-driven,The committee believes that this reduction will stimulate business and employment,,
Excise Tax Reduction Act of 1954,Endogenous,Spending-driven,additional steps … to stimulate the economy,1955 Economic Report,
Excise Tax Reduction Act of 1954,Endogenous,Spending-driven,we have every reason to believe that it will be a stimulating factor in our economy,Eisenhower,
Internal Revenue Code of 1954,Exogenous,Long-run,It is a law which will help millions of Americans by giving them fairer tax treatment than they now receive.,,
Internal Revenue Code of 1954,Exogenous,Long-run,"economic growth will be fostered by such provisions as more flexible depreciation and better tax treatment of research and development costs, thus encouraging all business—large and small—to modernize and expand",He also,
Internal Revenue Code of 1954,Exogenous,Long-run,"In general, the purpose of these changes has been to remove inequities, to end harassment of the taxpayer and to reduce tax barriers to future expansion of production and employment",,
Internal Revenue Code of 1954,Exogenous,Long-run,"A number of additional tax measures should now be taken in order to strengthen the forces of growth in employment and production. These measures, which involve some immediate sacrifices of revenue, contain the seeds of important future revenue gains to be reaped from the economic growth they will stimulate",The 1954 Economic Report,
Internal Revenue Code of 1954,Exogenous,Long-run,"to stimulate competitive enterprise, to strengthen the floor of security for the individual, and to curb tendencies toward either depression or inflation,",1955 Economic Report,
Internal Revenue Code of 1954,Exogenous,Long-run,the loss of 1.4 billion dollars as a result of enacting structural tax changes,,
Internal Revenue Code of 1954,Exogenous,Long-run,at this time economic conditions do not call for an emergency program that would justify larger Federal deficits and further inflation through large additional tax reductions,Eisenhower,
Internal Revenue Code of 1954,Exogenous,Long-run,"This bill is a long overdue reform measure which is vitally necessary regardless of the momentary economic conditions and should not be confused with other measures which may be, or might become, appropriate in the light of a particular short-run situation",,01-21-1954
Social Security Amendments of 1954,Endogenous,Spending-driven,"Under the provisions of the bill, the maximum amount of covered earnings considered, for both tax and benefit purposes, would be raised from $3,600 to $4,200 a year, effective January 1, 1955",the House report on the bill,
Social Security Amendments of 1954,Endogenous,Spending-driven,"The major reason for this proposal is to maintain the principle of old-age and survivors insurance … that benefits should, within limits, vary with the individual’s previous earnings. … Raising the wage base to $4,200 would restore approximately the same relationship between general earnings levels and the maximum wage base that existed in 1951",,
Federal-Aid Highway Act of 1956,Endogenous,Spending-driven,the pressing nature of this problem [inadequate highways] must not lead us to solutions outside the bounds of sound fiscal management,s Annual Message to the Congress on the State of the Union for 1956,
Federal-Aid Highway Act of 1956,Endogenous,Spending-driven,"To add further to our public debt …, which in the current state of high prosperity might chiefly serve to raise prices, would be irresponsible",1956 Economic Report,01-05-1956
Federal-Aid Highway Act of 1956,Endogenous,Spending-driven,"It was suggested last year that this vast road program be financed by an independent authority … and that interest and amortization on the highway debt be paid out of the excess—which may be expected to increase—of Federal revenues from present gasoline and lubricating oil taxes over current Federal grants-in-aid for roads. If this financing plan is not satisfactory to the Congress, a sound alternative not involving budget deficits should be devised",,
Federal-Aid Highway Act of 1956,Endogenous,Spending-driven,The bill is designed to raise sufficient revenue from new and existing highway-user taxes to approximately match estimated Federal highway expenditures under H.R. 8836,The report of the Ways and Means Committee on that bill,
Federal-Aid Highway Act of 1956,Endogenous,Spending-driven,to permit the simultaneous and orderly consideration of all aspects of the highway program,,03-19-1956
Federal-Aid Highway Act of 1956,Endogenous,Spending-driven,to make the highway program self-financing,,04-21-1956
Federal-Aid Highway Act of 1956,Endogenous,Spending-driven,"This expansion of the Interstate Highway System, … will permit the proposed financing to match the authorizations, and keep the financing and construction programs in balance",the Senate report on the combined bill,
Tax Rate Extension Act of 1958,Exogenous,Long-run,"The prospective surplus is … insufficient to permit the reductions in the corporate income tax rate and in the excise taxes on automobiles and parts, cigarettes, distilled spirits, wines, and beer scheduled to take effect on July 1, 1958",1958 Economic Report,
Tax Rate Extension Act of 1958,Exogenous,Long-run,with leaders of both political parties in the Congress,President Eisenhower,
Tax Rate Extension Act of 1958,Exogenous,Long-run,[c]onsideration of fiscal measures will continue to be made in the light of the developing economic situation and with full regard to both the short and long-range effects of any proposal,President Eisenhower,
Tax Rate Extension Act of 1958,Exogenous,Long-run,"In recent months, … various types of tax reductions have been suggested as aids in overcoming the present economic recession",The House report,
Tax Rate Extension Act of 1958,Exogenous,Long-run,"has not as yet, at least, been convinced that under existing conditions a tax reduction is necessary",,05-30-1958
Tax Rate Extension Act of 1958,Exogenous,Long-run,the excise tax on freight transportation is a form of double taxation,,
Tax Rate Extension Act of 1958,Exogenous,Long-run,This amendment really is an amendment for the relief of railroads,Chairman of the Committee on Interstate and Foreign Commerce,
Tax Rate Extension Act of 1958,Exogenous,Long-run,contribute to the financial recovery of the ‘million-man’ railroad industry,Senator Symington discussed the dramatic decline in the railroad industry since 1947 and,
Federal-Aid Highway Act of 1959,Exogenous,Deficit-driven,for the purpose of keeping the Federal-aid highway program on schedule and continuing the self-sustaining features of the program,,
Federal-Aid Highway Act of 1959,Exogenous,Deficit-driven,The Committee on Ways and Means … decided that for this year and next it was necessary to provide new revenues to meet the highway trust fund deficit since a diversion of revenues from the general fund could well lead to unbalanced budgets in this period,,
Federal-Aid Highway Act of 1959,Exogenous,Deficit-driven,"A Program for Economic Growth with Price Stability,",1959 Economic Report,
Federal-Aid Highway Act of 1959,Exogenous,Deficit-driven,The principal means by which Government can express leadership in the effort to preserve price stability is to conduct its own financial affairs prudently,1959 Economic Report,
Changes in Depreciation Guidelines and Revenue Act of 1962,Exogenous,Long-run,When I came into office in January 1961 this country was in a recession. We have made a recovery from that recession,President Kennedy,
Changes in Depreciation Guidelines and Revenue Act of 1962,Exogenous,Long-run,"And now we must be concerned with the forward movement of our economy. The level of our economy … is high but, considering all the resources which this country has, it should be higher",,
Changes in Depreciation Guidelines and Revenue Act of 1962,Exogenous,Long-run,"measures which I think would speed up our economy, which are designed to give us more jobs and more growth",,
Changes in Depreciation Guidelines and Revenue Act of 1962,Exogenous,Long-run,"will stimulate investment in capacity expansion and modernization, contribute to the growth of our productivity and output, and increase the competitiveness of American exports in world markets",The 1962 Economic Report,08-13-1962
Changes in Depreciation Guidelines and Revenue Act of 1962,Exogenous,Long-run,help to stimulate the investment needed for sustained expansion and longer-run growth,The 1963 Economic Report,
Changes in Depreciation Guidelines and Revenue Act of 1962,Exogenous,Long-run,"the investment credit … is designed to provide a stimulant to the economic growth of this country. This is needed both to improve our competitive position abroad and in the long run to raise our standard of living at home. On the other hand, the other provisions of this bill are designed to improve the equity of our tax structure",1962 Economic Report,03-16-1962
Changes in Depreciation Guidelines and Revenue Act of 1962,Exogenous,Long-run,"the investment credit, coupled with the liberalized depreciation, will provide a strong and lasting stimulus to a high rate of economic growth",,
Revenue Act of 1964,Exogenous,Long-run,"Let me emphasize, however, that I have not been talking about a different kind of tax cut, a quick, temporary tax cut, to prevent a new recession",,
Revenue Act of 1964,Exogenous,Long-run,"We approach the issue of tax revision, not in an atmosphere of haste and panic brought on by recession or depression, but in a period of comparative calm",the 1963 Economic Report,01-14-1963
Revenue Act of 1964,Exogenous,Long-run,"While the basic purpose of my tax program is to meet our longer run economic challenges, we should not forget its role in strengthening our defenses against recession",,
Revenue Act of 1964,Exogenous,Long-run,This is a record of strong expansion,,
Revenue Act of 1964,Exogenous,Long-run,"our present tax system is a drag on economic recovery and economic growth,",President Kennedy,
Revenue Act of 1964,Exogenous,Long-run,"this administration intends to cut taxes in order to build the fundamental strength of our economy, to remove a serious barrier to long-term growth",President Kennedy,
Revenue Act of 1964,Exogenous,Long-run,"the largest single barrier to full employment of our manpower and resources and to a higher rate of economic growth is the unrealistically heavy drag of Federal income taxes on private purchasing power, initiative and incentive",Kennedy,08-13-1962
Revenue Act of 1964,Exogenous,Long-run,"The tax cut will give a sustained lift, year-in and year-out, to the American economy",the 1964 Economic Report,01-21-1964
Revenue Act of 1964,Exogenous,Long-run,"America has enjoyed 22 months of uninterrupted economic recovery. But recovery is not enough. If we are to prevail in the long run, we must expand the long-run strength of our economy. We must move along the path to a higher rate of growth and full employment",Kennedy,
Revenue Act of 1964,Exogenous,Long-run,"despite the creation of 2 1/2 million new jobs in our economy, the unemployment rate now stands at 5 1/2 %. Our factories continue to produce below their optimum rate. As a nation we are producing at a rate at least $30 billion below our comfortable capacity",,01-14-1963
Revenue Act of 1964,Exogenous,Long-run,"The principal purpose of the revenue bill of 1963 is to remove from the private sector of the American economy its present hightax straitjacket; that is, to lessen restraints which prevent the American free-enterprise system from itself generating necessary growth. A purpose of this bill also is to improve the equity of the tax laws",The House report on the 1963 version of the bill,
Revenue Act of 1964,Exogenous,Long-run,"The bill will cut back on excessive tax rates which unnecessarily restrain individual and business incentives, it will provide the increased consumer and business purchasing power to assure continued expansion, and it will improve the equity of the tax system",,09-13-1963
Revenue Act of 1964,Exogenous,Long-run,"Despite the fact that business conditions have been improving over the past 33 months, unemployment still is at the high rate of 5.5 percent",The Senate report,
Revenue Act of 1964,Exogenous,Long-run,"we have experienced a succession of disappointing recoveries in which the unemployment rate has remained disturbingly high; this rate, in fact, has not been below 5 percent since 1957",rt,
Revenue Act of 1964,Exogenous,Long-run,the growth rate of our economy must be increased if the requisite jobs are to be found for this expanding labor force,,
Revenue Act of 1964,Exogenous,Long-run,"Maintaining the 3-percent rate of growth as the United States has done since 1956, not only will fail to eliminate the present excessive unemployment, but unemployment will continue to rise as the increasing numbers of children born during the war and early postwar years reach employment age",,
Excise Tax Reduction Act of 1965,Exogenous,Long-run,This reduction will spur the continued growth of our economy …. It will lower prices. It will raise business profits. It will create new jobs. It will end an unfair burden on many businesses and many workers. It will cut the Government’s costs of tax collection and enforcements. It will reduce the burden of regressive taxation on low and moderate income families,President Johnson,
Excise Tax Reduction Act of 1965,Exogenous,Long-run,We must continually adjust our tax system to assure that it makes a maximum contribution to our economic growth,Johnson,
Excise Tax Reduction Act of 1965,Exogenous,Long-run,creditable record of achievement,,
Excise Tax Reduction Act of 1965,Exogenous,Long-run,"But as we look ahead to 1966, we must be alert to the possibility that our taxes will take too much buying power out of the private economy",,
Excise Tax Reduction Act of 1965,Exogenous,Long-run,"The elimination … of all other excise taxes … will improve the fairness of the tax system and substantially simplify the administration of the tax law, as well as contribute to the economic well-being of the Nation",,
Excise Tax Reduction Act of 1965,Exogenous,Long-run,these excises also now are objectionable in that they are generally regressive in their impact,,05-28-1965
Excise Tax Reduction Act of 1965,Exogenous,Long-run,"The $1.75 billion tax reduction provided by this bill effective this July 1 will help to insure that the growth in the rate of economic activity does not fall short of growth in the size of the productive capacity of the Nation, and in the size of the labor force",The House report merely,
Social Security Amendments of 1965,Endogenous,Spending-driven,"a 7 percent rise in Social Security benefits … financed by an increase next January in the covered wage base and in the combined employer and employee contribution rates,",1965 Economic Report,
Social Security Amendments of 1965,Endogenous,Spending-driven,"[a] hospital insurance program for the elderly, financed by contributions through social security",,
Social Security Amendments of 1965,Endogenous,Spending-driven,"I am recommending prompt enactment of a hospital insurance program for elderly persons …. This program should be self-financing …. I am also recommending … changes [that] will provide the funds for the needed increases being proposed in old-age, survivors, and disability insurance benefits.",1966 Budget,
Social Security Amendments of 1965,Endogenous,Spending-driven,"Just as has always been the case in connection with the old-age, survivors, and disability insurance system, the committee has very carefully considered the cost aspects of the proposed hospital insurance system. In the same manner, the committee believes that this program should be completely self-supporting from the contributions of covered individuals and employers",the Senate Finance Committee report,
Social Security Amendments of 1965,Endogenous,Spending-driven,[t]he plan would be actuarially sound under conservative cost assumptions,It also,06-30-1965
Social Security Amendments of 1965,Endogenous,Spending-driven,the tax schedule and the earnings base so as to fully finance the changes made,the report,
Tax Adjustment Act of 1966,Exogenous,Long-run,"Tax policy, however, must be used flexibly. We must be equally prepared to employ it in restraint of an overly rapid economic expansion as we were to use it as a stimulus to a lagging economy. The current situation calls for a modest measure of fiscal restraint",Johnson,
Tax Adjustment Act of 1966,Exogenous,Long-run,The combined effect of budgeted expenditures … and tax laws now in effect would be more stimulative than now seems appropriate for the period ahead,the 1966 Economic Report,01-24-1966
Tax Adjustment Act of 1966,Exogenous,Long-run,The aim of fiscal policies in the next 18 months is to preserve the sound expansion enjoyed in 1965—to maintain a strong and healthy prosperity; to promote a cautious movement toward lower unemployment without moving so far or so fast that bottlenecks and inflationary pressures arise,onomic Report,
Tax Adjustment Act of 1966,Exogenous,Long-run,"the tax adjustment bill of 1966, is designed to contribute revenues to aid in financing the increased costs of government associated with operations in Vietnam. It is designed to help finance these costs in a manner which will avoid the creation of serious inflationary pressures",,
Public Law 89-800 (Suspension of Investment Tax Credit),Endogenous,Countercyclical,Today the strength of the American economy exceeds all records and all expectations,Johnson,
Public Law 89-800 (Suspension of Investment Tax Credit),Endogenous,Countercyclical,Caution signs became visible early this year. Responsible fiscal policy required prudent action,Johnson,09-08-1966
Public Law 89-800 (Suspension of Investment Tax Credit),Endogenous,Countercyclical,"the Congress promptly make inoperative, for a temporary period, those special incentives for plant and equipment investment and commercial construction that currently contribute to overheating the economy",,
Public Law 89-800 (Suspension of Investment Tax Credit),Endogenous,Countercyclical,a vital part of our effort to combat inflationary pressures and to preserve the strength of our dynamic economy,,
Public Law 89-800 (Suspension of Investment Tax Credit),Endogenous,Countercyclical,"As private demand and Vietnam requirements exceeded forecasts, policy was adjusted to the new developments. … In September, the President proposed additional selective fiscal measures to alleviate excessive demands for funds and for capital goods",1968 Economic Report,
Public Law 89-800 (Suspension of Investment Tax Credit),Endogenous,Countercyclical,A healthy advance of demand in pace with the growth of potential output would permit gradual restoration of price stability. … The fiscal program for 1967 is designed to meet these objectives,1968 Economic Report,
Public Law 89-800 (Suspension of Investment Tax Credit),Endogenous,Countercyclical,"Our machinery and equipment industries cannot digest the demands currently thrust upon them. … Our capital markets are clogged with excessive demands for funds to finance investment. These demands bid interest rates higher and higher, and draw too large a share of credit from other important uses",Johnson,
Public Law 89-800 (Suspension of Investment Tax Credit),Endogenous,Countercyclical,The investment boom put severe strain on the plant capacity,1968 Economic Report,09-08-1966
Public Law 89-800 (Suspension of Investment Tax Credit),Endogenous,Countercyclical,added mightily to the pressures on financial markets,1968 Economic Report,
Public Law 89-800 (Suspension of Investment Tax Credit),Endogenous,Countercyclical,"The proposal [suspension of the ITC] is basically an anti-inflationary measure designed to relieve the pressures, clearly observable in the money markets and capital goods sector, which are producing unusual strains, the highest interest rates in 40 years and a perceptible trend toward a general condition of economic instability",,
Public Law 89-800 (Suspension of Investment Tax Credit),Endogenous,Countercyclical,H.R. 17607 is designed to moderate the pace of the economy to a more sustainable level of economic growth. This bill is an integral part of a coordinated anti-inflationary program of the administration,The House report,
Public Law 89-800 (Suspension of Investment Tax Credit),Endogenous,Countercyclical,the bill will affect those sectors of the economy where inflationary pressures are strongest,The report,
Public Law 89-800 (Suspension of Investment Tax Credit),Endogenous,Countercyclical,The application of fiscal restraints will help to keep the recent rate of increase in prices from accelerating and developing into a serious wage-price spiral,The House report,
Public Law 90-26 (Restoration of the Investment Tax Credit),Exogenous,Long-run,A shift toward restraint in fiscal policy is appropriate … to assure that demand does not outrun capacity,The 1967 Economic Report,
Public Law 90-26 (Restoration of the Investment Tax Credit),Exogenous,Long-run,"restraint is essential to our economic health,",The 1967 Economic Report,
Public Law 90-26 (Restoration of the Investment Tax Credit),Exogenous,Long-run,"It was an economic measure, with a limited, well defined purpose: namely, to relieve the excessive pressures that were clearly observable in the capital goods market",Secretary of the Treasury Fowler,
Public Law 90-26 (Restoration of the Investment Tax Credit),Exogenous,Long-run,promote a more sustainable rate of balanced economic growth,1967 Treasury,
Public Law 90-26 (Restoration of the Investment Tax Credit),Exogenous,Long-run,"On the basis of this evidence, it is clear that the investment credit and accelerated depreciation … should now be safely restored. Although the demand for capital goods continues to be strong and remains at record levels, … it no longer threatens to strain our growing ability to produce",and,
Public Law 90-26 (Restoration of the Investment Tax Credit),Exogenous,Long-run,the suspension of the investment credit had done its job,The 1968 Economic Report simply,03-09-1967
Public Law 90-26 (Restoration of the Investment Tax Credit),Exogenous,Long-run,"The termination of the suspension of the investment credit, of course, restores some incentive to investment that was inoperative during the suspension period. I do not, however, consider that such action is being taken for the purpose of stimulating the economy. Rather, I view it as simply restoring to its normal, functioning role what is essentially an integral part of the permanent tax structure",,
Public Law 90-26 (Restoration of the Investment Tax Credit),Exogenous,Long-run,"The suspensions have played an important part in reducing the volume of new orders of capital goods to levels that can be sustained without inflationary strain on available capacity. … Restoration of these provisions now is appropriate to encourage a resumption of balanced, economic growth with high levels of employment",The House report,
Public Law 90-26 (Restoration of the Investment Tax Credit),Exogenous,Long-run,The inflationary forces which the suspension of these provisions was designed to moderate have abated,was somewhat ambiguous when it,03-15-1967
Public Law 90-26 (Restoration of the Investment Tax Credit),Exogenous,Long-run,business investment incentives need to be restored if we are to have the capital investment expansion required by a balanced growing economy,,
Public Law 90-26 (Restoration of the Investment Tax Credit),Exogenous,Long-run,"[t]he investment tax credit is an essential, and should be an enduring part of our tax system",,
Revenue and Expenditure Control Act of 1968,Endogenous,Countercyclical,"shift toward restraint in fiscal policy is appropriate at that time to assure that demand does not outrun capacity, that movement toward restoration of price stability is maintained",The 1967 Economic Report,
Revenue and Expenditure Control Act of 1968,Endogenous,Countercyclical,the fiscal program we are recommending is consistent with a sound and healthy economic advance during the year ahead,,08-03-1967
Revenue and Expenditure Control Act of 1968,Endogenous,Countercyclical,"a return of strong inflationary pressures,",he president,
Revenue and Expenditure Control Act of 1968,Endogenous,Countercyclical,"[a]n excessive expansion of domestic markets,",,
Revenue and Expenditure Control Act of 1968,Endogenous,Countercyclical,[s]piraling interest rates,,
Revenue and Expenditure Control Act of 1968,Endogenous,Countercyclical,Most experienced observers agree that the pace [of economic growth] now is—and in the months ahead will be—too fast for safety,The 1968 Economic Report,
Revenue and Expenditure Control Act of 1968,Endogenous,Countercyclical,restraint is essential to our economic health,The 1968 Economic Report,
Revenue and Expenditure Control Act of 1968,Endogenous,Countercyclical,"The problems of rising prices and interest rates, and a worsening balance of payments, arise from many causes. … But central to any attack upon them is a fiscal policy which … sharply reduces the inappropriate stimulus of a large Federal budget deficit in today’s vigorous economy",Fiscal Year 1969,
Revenue and Expenditure Control Act of 1968,Endogenous,Countercyclical,The Nation’s economy is moving too fast because of an unacceptable budgetary deficit. We must now apply the fiscal brakes,,01-29-1968
Revenue and Expenditure Control Act of 1968,Endogenous,Countercyclical,It represents the minimum action we should take at this time to preserve the security of our dollar and prevent runaway inflation,Senator Williams,
Revenue and Expenditure Control Act of 1968,Endogenous,Countercyclical,a threat to the dollar’s role as the keystone of international trade and finance in the world,which,04-02-1968
Revenue and Expenditure Control Act of 1968,Endogenous,Countercyclical,"the reason why we are acting … is that we feel the country and the world are in a very serious situation with respect to the inflationary surge in our country, with respect to the serious imbalance of international payments, and with respect to the very serious imbalance in our budget",which,
Revenue and Expenditure Control Act of 1968,Endogenous,Countercyclical,"this proposal will aggravate that increase in cost pressures against prices, because taxes are a cost",,
Revenue and Expenditure Control Act of 1968,Endogenous,Countercyclical,The tax surcharge alone is currently withdrawing about $10½ billion (annual rate) from the income stream,The 1969 Economic Report,
Revenue and Expenditure Control Act of 1968,Endogenous,Countercyclical,full year liability at 1968 income levels,1970 Budget,
Tax Reform Act of 1969,Endogenous,Countercyclical,"As we enter 1970 continuation of a low rate of growth of sales, production, and employment for several months seems probable. Thereafter, the performance of the economy will depend on both the continued resolve of the Government and the difficult-to-predict behavior of the private sector",the 1970 Economic Report,
Tax Reform Act of 1969,Endogenous,Countercyclical,"After some months of slow expansion of sales, output, and employment, which seems likely, a moderately quicker pace later in the year would be consistent with continued progress in reducing the rate of inflation",1970 Economic Report,
Tax Reform Act of 1969,Endogenous,Countercyclical,The overall program will be equitable and essentially neutral in its revenue impact [relative to his previous proposal],Nixon,
Tax Reform Act of 1969,Endogenous,Countercyclical,"The revenue effect of the repeal of the investment tax credit will begin to be significant during calendar year 1970. Therefore, I recommend that investment tax credit repeal be accompanied by extension of the full surcharge only to January 1, 1970, with a reduction to 5% on January 1. … If economic and fiscal conditions permit, we can look forward to elimination of the remaining surtax on June 30, 1970",Nixon,04-21-1969
Tax Reform Act of 1969,Endogenous,Countercyclical,"The tax bill passed in December reduced revenues for the next fiscal year by close to $3 billion, compared to my original proposals",The 1970 Economic Report,
Tax Reform Act of 1969,Endogenous,Countercyclical,almost $3 billion,,12-30-1969
Tax Reform Act of 1969,Endogenous,Countercyclical,inflationary pressures in the period immediately ahead,,
Tax Reform Act of 1969,Endogenous,Countercyclical,Tax reform is necessary … to be sure that those with substantially the same incomes are paying substantially the same tax,The House report,
Tax Reform Act of 1969,Endogenous,Countercyclical,in order to make general tax reductions possible,The House report,
Tax Reform Act of 1969,Endogenous,Countercyclical,"I think our problem concerns the situation that will develop as a result of the long-range impact of some of the provisions of this legislation that will take effect in 1972, in 1973, and 1974. In the long run there is the potential of inflationary problems",A number of Congressmen,
Tax Reform Act of 1969,Endogenous,Countercyclical,the Senate has turned what was supposed to be a tax reform bill into a political Christmas package which promises everything to everybody,,
Tax Reform Act of 1969,Endogenous,Countercyclical,We have responded—responsibly or not—to what we have read as our constituents’ political demands for Federal tax relief,Robison,12-11-1969
Tax Reform Act of 1969,Endogenous,Countercyclical,This bill itself is not inflationary. It is the combination of all things that one has to consider. … The expenditure side must be added to it. … I think the Congress is just as much in the right to establish as a No. 1 priority the return of some of the increment in taxes to the taxpayers,,12-22-1969
Tax Reform Act of 1969,Endogenous,Countercyclical,the income tax surcharge … is expected to yield $9½ billion,which,
Tax Reform Act of 1969,Endogenous,Countercyclical,Forces now present in the economy … make economic expansion in 1971 probable,The 1971 Economic Report,
Tax Reform Act of 1969,Endogenous,Countercyclical,"These are powerful upward pressures, but existing and foreseeable expansionary forces in the economy are not strong enough to assure that output will rise as much as is desired and feasible",and,
Tax Reform Act of 1969,Endogenous,Countercyclical,Total output would have to rise significantly faster than the growth rate of potential output,1971 Economic Report,
Tax Reform Act of 1969,Endogenous,Countercyclical,total spending and total output should rise as rapidly as possible to lift the economy to full employment and full production. Fiscal policy must play its full and responsible role,s section of the 1971 Economic Report,
Tax Reform Act of 1969,Endogenous,Countercyclical,"to stimulate investment, jobs, and growth",,
Tax Reform Act of 1969,Endogenous,Countercyclical,[c]oncerted policies of expansion are needed now to lift the economy fast enough to make rapid progress toward full employment,,
Tax Reform Act of 1969,Endogenous,Countercyclical,help create jobs for the unemployed,,
Tax Reform Act of 1969,Endogenous,Countercyclical,"a stimulant to economic recovery,",,01-11-1971
Tax Reform Act of 1969,Endogenous,Countercyclical,"a means of increasing competitiveness of U.S. goods in world markets,",,
Tax Reform Act of 1969,Endogenous,Countercyclical,a major force for long-run economic growth,,
Tax Reform Act of 1969,Endogenous,Countercyclical,These rules are part of our plan to expand the economy and help the Nation achieve full employment without inflation,Nixon,
Tax Reform Act of 1969,Endogenous,Countercyclical,The Treasury Department estimated that in the first full year following these changes … taxes on business income [would be] reduced by $2.8 billion,The 1971 Economic Report,
Revenue Act of 1971,Exogenous,Long-run,New Economic Policy,,
Revenue Act of 1971,Exogenous,Long-run,"As the summer of 1971 progressed, these facts became increasingly clear: 1. The economy was rising, and a continued rise could be expected; but the rise was not as fast as was desirable, especially from the standpoint of reducing unemployment",The 1972 Economic Report,
Revenue Act of 1971,Exogenous,Long-run,"The Challenge of Peace,",,
Revenue Act of 1971,Exogenous,Long-run,this broad upturn of the economy which has taken place in the first half of this year,,
Revenue Act of 1971,Exogenous,Long-run,"The decision to embark on the New Economic Policy (NEP) came from an increasing awareness in the Administration that the ambitious goals it had set at the beginning of the year were not being met. … [T]he recovery was also progressing, but not fast enough to cut the rate of unemployment",The 1972 Economic Report,
Revenue Act of 1971,Exogenous,Long-run,The Administration’s goals went beyond this common appraisal of the year 1971. It believed that a more rapid expansion of the economy than was generally forecast was desirable and feasible. The desirable and feasible path was believed to be one that would bring the unemployment rate down to the zone of 4½ percent [from its current rate of about 6 percent] by the middle of 1972,,
Revenue Act of 1971,Exogenous,Long-run,The fiscal package … was primarily motivated by the desire to stimulate at once a more rapid expansion of the economy,1972 Economic Report,
Revenue Act of 1971,Exogenous,Long-run,a critical part of the program I announced then to create new jobs and build a new prosperity,1972 Economic Report,
Revenue Act of 1971,Exogenous,Long-run,"Your committee believes that this bill is necessary because the performance of the economy in recent months has been unsatisfactory. The growth in our gross national product has been small, unemployment has remained too high",,
Revenue Act of 1971,Exogenous,Long-run,[i]n the first half of 1971 … the economy grew at a real rate of only about 3 percent,,
Revenue Act of 1971,Exogenous,Long-run,"put our present lagging economy on the high growth path,",,
Revenue Act of 1971,Exogenous,Long-run,the unemployment rate has shown no inclination to return to the 4-percent level which represents the rate generally viewed as the full employment rate,,
Revenue Act of 1971,Exogenous,Long-run,"The Challenge of Peace,",,
Tax Reduction Act of 1975,Endogenous,Countercyclical,"As 1975 begins, … production and employment are declining sharply. … It is quite likely … that the contraction of business activity and rising unemployment will continue for several more months",The 1975 Economic Report,
Tax Reduction Act of 1975,Endogenous,Countercyclical,It must be clearly understood that these problems are serious and that strong remedies are fully justified. The economy is now in a recession,,
Tax Reduction Act of 1975,Endogenous,Countercyclical,[t]o provide support for the economy,,02-03-1975
Tax Reduction Act of 1975,Endogenous,Countercyclical,The tax cut will not prevent a decline in real output from 1974 to 1975 but it will reduce the extent of the year-over-year decline,1975 Economic Report,
Tax Reduction Act of 1975,Endogenous,Countercyclical,Cutting taxes now is essential if we are to turn the economy around. A tax cut offers the best hope of creating more jobs,President Ford,
Tax Reduction Act of 1975,Endogenous,Countercyclical,These policies call for decisive action to restore economic growth,d,01-15-1975
Tax Reduction Act of 1975,Endogenous,Countercyclical,include a one-time $16 billion tax cut … to stimulate economic recovery,,01-15-1975
Tax Reduction Act of 1975,Endogenous,Countercyclical,Our country needs the stimulus and the support of a tax cut and needs it now,Ford again,02-03-1975
Tax Reduction Act of 1975,Endogenous,Countercyclical,the $23 billion tax reduction is within reason,Ford again,03-29-1975
Tax Reduction Act of 1975,Endogenous,Countercyclical,a lot of extraneous changes in our tax laws,,
Tax Reduction Act of 1975,Endogenous,Countercyclical,This is no way to legislate fundamental tax reforms,and,
Tax Reduction Act of 1975,Endogenous,Countercyclical,to check the drastic downward slide in our economy and to restore economic growth,,
Tax Reduction Act of 1975,Endogenous,Countercyclical,"The overall tax cut provided by your committee’s bill is larger than the $16 billion tax cut recommended by the administration. However, your committee believes that the larger tax cut is more appropriate in the present situation, because the economic situation has deteriorated and forecasts of future economic activity in absence of remedial action are more pessimistic than at the time the administration presented its recommendations",It also,02-25-1975
Tax Reduction Act of 1975,Endogenous,Countercyclical,"In all, the Tax Reduction Act of 1975 lowered receipts by around $42 billion at an annual rate in the second quarter of 1975, but most of this drop was temporary. The tax cuts that remained in effect during the last half of 1975 amounted to around $15 billion (annual rate)",1977 Budget,03-29-1975
Tax Reform Act of 1976,Exogenous,Long-run,the first extensive changes in the tax code since 1969,1977 Economic Report,
Tax Reform Act of 1976,Exogenous,Long-run,designed to close the loopholes and ensure that each taxpayer bears his or her fair share of the overall tax burden,1977 Economic Report,
Tax Reform Act of 1976,Exogenous,Long-run,"liberalize the marital deduction for the transfer of property between spouses, and to provide special relief to the owners of family farms and business",,10-04-1976
Tax Reform Act of 1976,Exogenous,Long-run,"Provide substantial relief for modest-sized estates, farms and other closely held businesses",,
Tax Reform Act of 1976,Exogenous,Long-run,[r]emove tax avoidance devices from the present estate and gift tax system,,
Tax Reform Act of 1976,Exogenous,Long-run,"designed to serve four major purposes. First, it is intended to improve the equity of the tax system …. Second, the committee amendment effects important simplifications of the tax system …. Third, the amendment extends for one additional year the fiscal stimulus provided by the Tax Reduction Act of 1975 …. Fourth, the committee amendment improves the administration of the tax laws, making it more efficient and strengthening taxpayers’ rights",The Senate report on the entire bill,08-02-1976
Tax Reform Act of 1976,Exogenous,Long-run,extremely serious economic situation,,
Tax Reform Act of 1976,Exogenous,Long-run,unacceptably high,,
Tax Reform Act of 1976,Exogenous,Long-run,"The committee does not believe that a permanent extension of the entire $20 billion in tax reductions now in effect is appropriate at this time. There is uncertainty about just how much excess capacity now exists in the economy, how serious will be the inflation problem in the years ahead",,
Tax Reduction and Simplification Act of 1977,Exogenous,Long-run,"This budget includes the economic stimulus package, which will reduce unemployment and promote steady, balanced economic growth",President Carter,
Tax Reduction and Simplification Act of 1977,Exogenous,Long-run,"Soon after the new Administration came into office, it proposed a series of measures intended to raise the rate of growth in real output in 1977 and 1978 to a pace that would lead to significant reductions in the unemployment rate",1978 Budget,02-22-1977
Tax Reduction and Simplification Act of 1977,Exogenous,Long-run,"the Nation was far from the goals of ‘maximum employment, production, and purchasing power’ established in the Employment Act of 1946. Progress toward these goals was essential to the achievement of rising living standard and greater equality of income and of opportunity",The same Report,
Tax Reduction and Simplification Act of 1977,Exogenous,Long-run,"Most economists have projected that, without further stimulus, the economy would grow by an inadequate 4.5-5% in 1977",Carter,
Tax Reduction and Simplification Act of 1977,Exogenous,Long-run,Total stimulus materially below [the administration’s proposal of] $16 billion … would be inadequate in ensuring that economic growth in 1977 and 1978 would proceed rapidly enough to reduce unemployment,The House report,
Tax Reduction and Simplification Act of 1977,Exogenous,Long-run,A 2-year program was needed for a continuing improvement in sales and income,the 1978 Economic Report,
Tax Reduction and Simplification Act of 1977,Exogenous,Long-run,"the expansion of public works, public service employment, and other employment and training programs",1978 Economic Report,
Social Security Amendments of 1977,Exogenous,Deficit-driven,restore the financial integrity of the Social Security system,,
Social Security Amendments of 1977,Exogenous,Deficit-driven,that the social security system will be financially sound well into the next century,,05-09-1977
Social Security Amendments of 1977,Exogenous,Deficit-driven,"The Social Security Amendments of 1977 were designed primarily to prevent the assets of the OASDI trust funds from being depleted in the next few years and to eliminate most of the long-range deficit. Since the Congress has always believed that the social security system should be fully financed by earmarked payroll taxes, substantial increases in OASDHI taxes were necessary",the 1978 Economic Report,12-20-1977
Social Security Amendments of 1977,Exogenous,Deficit-driven,"In order to eliminate the short-range deficit due to recent and current economic experience and to reduce the longer-range deficit due to demographic shifts and disability experience, the committee bill includes changes in social security tax rates for employees, employers, and the self-employed, and increases in the contribution and benefit base for employees, employers, and the self-employed",the House report on the bill,
Revenue Act of 1978,Exogenous,Long-run,"the longer-term prospects for economic growth would become increasingly poor. Because of the fiscal drag imposed by rising payroll taxes and inflation, economic growth would slow substantially in late 1978, and fall to about 3½ percent in 1979. The unemployment rate would stop declining and might begin to rise again",The 1978 Economic Report,
Revenue Act of 1978,Exogenous,Long-run,cannot be counted on to sustain above-trend growth in total demand,,
Revenue Act of 1978,Exogenous,Long-run,"With the reductions in taxes I have proposed, …, the economy should grow by 4½ to 5 percent in both 1978 and 1979. … Unemployment would therefore continue to fall",The 1978 Economic Report,
Revenue Act of 1978,Exogenous,Long-run,"ensure a vigorous economy, a declining unemployment rate, a strong expansion of private investment",1979 Budget,
Revenue Act of 1978,Exogenous,Long-run,[s]everal of the provisions of the bill are designed to improve the effect of the tax system on economic incentives,,
Revenue Act of 1978,Exogenous,Long-run,The size of the tax bill passed by the Congress is close to this request with a stimulus of $18.9 billion in 1979,1979 Economic Report,
Crude Oil Windfall Profit Tax Act of 1980,Exogenous,Long-run,In order to prevent oil producers from reaping excessive profits from decontrol a windfall profits tax is proposed,President Carter,
Crude Oil Windfall Profit Tax Act of 1980,Exogenous,Long-run,"A windfall profits tax is the only thing that stands between the oil companies and a huge bonanza of unearned, unnecessary, and unjustified profits",Carter,04-26-1979
Crude Oil Windfall Profit Tax Act of 1980,Exogenous,Long-run,this fair and equitable law,,
Crude Oil Windfall Profit Tax Act of 1980,Exogenous,Long-run,The windfall profits tax I have proposed will capture a significant portion of these windfalls for public use,the 1980 Economic Report,04-02-1980
Crude Oil Windfall Profit Tax Act of 1980,Exogenous,Long-run,to provide assistance to low-income households who can least afford energy price increases; to increase funding for mass transit; and to undertake a major program of new energy initiatives and investments which will permit us to develop critically needed alternatives to imported oil,,
Crude Oil Windfall Profit Tax Act of 1980,Exogenous,Long-run,Spending from the trust fund will require future legislation to specify the precise purposes of the trust fund and then the usual authorization and appropriations bills,The House report on the bill specifically,
Crude Oil Windfall Profit Tax Act of 1980,Exogenous,Long-run,"[t]he legislation gives us guidance that a substantial portion of the tax, 60 percent, might be used for income tax reductions, or … to reduce the national debt",,06-22-1979
Crude Oil Windfall Profit Tax Act of 1980,Exogenous,Long-run,"the committee believes that it is important to pass the windfall profit tax expeditiously, without any delay resulting from a detailed analysis of precisely how the money should be spent",The report,
Crude Oil Windfall Profit Tax Act of 1980,Exogenous,Long-run,"By year-end our economy should be growing again, and the pace of expansion is likely to increase in 1981",1980 Economic Report,
Economic Recovery Tax Act of 1981,Exogenous,Long-run,I have long advocated a 30 percent reduction in income tax rates,Reagan,
Economic Recovery Tax Act of 1981,Exogenous,Long-run,"[w]e are taxing ourselves into economic exhaustion and stagnation, crushing our ability and incentive to save, invest, and produce. This must stop. We must halt this fiscal self-destruction",,07-17-1980
Economic Recovery Tax Act of 1981,Exogenous,Long-run,fierce inflation for all of us,ran against the tax cut and,
Economic Recovery Tax Act of 1981,Exogenous,Long-run,the audit presented to me found government policies of the last few decades responsible for our economic troubles,Reagan,
Economic Recovery Tax Act of 1981,Exogenous,Long-run,"Over the past decades we’ve talked of curtailing government spending so that we can then lower the tax burden. … Well, you know, we can lecture our children about extravagance until we run out of voice and breath. Or we can cure their extravagance by simply reducing their allowance",Reagan,02-05-1981
Economic Recovery Tax Act of 1981,Exogenous,Long-run,High taxes and excess spending growth created our present economic mess …. The answer to a government that’s too big is to stop feeding its growth,Reagan,
Economic Recovery Tax Act of 1981,Exogenous,Long-run,"we have set in place a fundamental reorientation of our tax laws. … [W]e have significantly restructured it to encourage people to work, save, and invest more",The 1982 Economic Report,04-28-1981
Economic Recovery Tax Act of 1981,Exogenous,Long-run,designed to increase long-term economic growth and to reduce inflation. Uniformly favorable near-term effects were not expected,,
Economic Recovery Tax Act of 1981,Exogenous,Long-run,"This Administration intends to place emphasis on long-run policies. For example, the Economic Recovery Tax Act of 1981 cuts tax rates over a 3-year period, after which the personal income tax structure will be indexed so that inflation will not increase marginal tax rates on real income",,
Economic Recovery Tax Act of 1981,Exogenous,Long-run,"We have an economic program in place, completely different from the artificial quick fixes of the past",,
Economic Recovery Tax Act of 1981,Exogenous,Long-run,"It is time to reawaken this industrial giant, to get government back within its means, and to lighten our punitive tax burden",Reagan,
Economic Recovery Tax Act of 1981,Exogenous,Long-run,"will expand our national prosperity, enlarge national incomes, and increase opportunities for all Americans.",Reagan,01-20-1981
Economic Recovery Tax Act of 1981,Exogenous,Long-run,"The Federal Government, through tax, spending, regulatory, and monetary polices, has sacrificed long-term growth and price stability for ephemeral short term goals",s address,02-18-1981
Economic Recovery Tax Act of 1981,Exogenous,Long-run,the tax system has been a key cause of our stagnation. Restoring the proper incentives will make a major contribution to the long-run vitality of our economy,It also,02-18-1981
Economic Recovery Tax Act of 1981,Exogenous,Long-run,"encourage economic growth through reductions in individual income tax rates, the expensing of depreciable property, incentives for small businesses, and incentives for savings",The opening paragraph,
Economic Recovery Tax Act of 1981,Exogenous,Long-run,"The intent of the committee has been to structure tax reductions for stimulating saving, investment, and productivity that are appropriate in the different circumstances under which different businesses operate. Long-term economic growth requires the effort of all persons and all businesses",the report,07-24-1981
Economic Recovery Tax Act of 1981,Exogenous,Long-run,The committee believes that the tax burden on individuals has become excessive,The report discussed the rise in taxes as a share of income and,
Economic Recovery Tax Act of 1981,Exogenous,Long-run,"For the third consecutive year, the rate of economic growth is likely to be below its postwar average. The committee believes that a major tax cut is essential to a solid economic recovery",,
Economic Recovery Tax Act of 1981,Exogenous,Long-run,Multiyear cuts give stronger incentives for individuals to make the long-run commitments that sustain economic growth,,
Tax Equity and Fiscal Responsibility Act of 1982,Exogenous,Deficit-driven,"Not only must those deficits be reduced, they must show a decline over the next 3 years",Reagan reviewed the budget projections and,
Tax Equity and Fiscal Responsibility Act of 1982,Exogenous,Deficit-driven,"The most essential thing is to send a message to the money market that we, Democrats and Republicans alike, can agree on reducing the deficit and continuing to hold down inflation",Reagan reviewed the budget projections and,04-29-1982
Tax Equity and Fiscal Responsibility Act of 1982,Exogenous,Deficit-driven,For many months now we’ve been working to get a compromise budget that would further reduce spending and thus reduce the deficits,Reagan,
Tax Equity and Fiscal Responsibility Act of 1982,Exogenous,Deficit-driven,"I support it [TEFRA] because it will, when combined with our cuts in government spending, reduce interest rates and put more Americans back to work again",He also,08-16-1982
Tax Equity and Fiscal Responsibility Act of 1982,Exogenous,Deficit-driven,"Now, there won’t be a sudden boom or upsurge. But slowly and surely, we’ll have a sound and lasting recovery based on solid values and increased The 1983 Budget shows liabilities declining further in calendar 1985 and 1986. These declines were due to projected income growth and to further accelerations in the accelerated cost recovery system (ACRS) scheduled for 1985 and 1986. Because the accelerations in ACRS for 1985 and 1986 were repealed by the Tax Equity and Fiscal Responsibility Act of 1982, we do not include the projected tax cuts in 1985 and 1986 in our estimates of the effect of Economic Recovery Tax Act of 1981. productivity and an end to deficit spending",,08-16-1982
Tax Equity and Fiscal Responsibility Act of 1982,Exogenous,Deficit-driven,Some regulations have been regulated or interpreted in such a way as to provide tax advantages which were never intended,1985 Economic Report,
Tax Equity and Fiscal Responsibility Act of 1982,Exogenous,Deficit-driven,[p]ossibly … the greatest tax reform in history,,04-29-1982
Tax Equity and Fiscal Responsibility Act of 1982,Exogenous,Deficit-driven,a matter of simple fairness,,
Tax Equity and Fiscal Responsibility Act of 1982,Exogenous,Deficit-driven,"So, more than 80 percent of the tax bill is not new tax at all, but is better collecting and correcting of flaws in the system",,08-16-1982
Tax Equity and Fiscal Responsibility Act of 1982,Exogenous,Deficit-driven,very high interest rates,,
Tax Equity and Fiscal Responsibility Act of 1982,Exogenous,Deficit-driven,costs of servicing what would become a crushing burden of the national debt,,
Social Security Amendments of 1983,Exogenous,Deficit-driven,"propose realistic, long-term reforms to put social security back on a sound financial footing",President Reagan,
Social Security Amendments of 1983,Exogenous,Deficit-driven,It is critically important at this time to make changes in social security programs that will protect their solvency and financial viability for the years to come,The 1983 Economic Report,12-16-1981
Deficit Reduction Act of 1984,Exogenous,Deficit-driven,A major reduction in the structural budget deficit must therefore be achieved over the next several years,,
Deficit Reduction Act of 1984,Exogenous,Deficit-driven,to develop a ‘down payment’ package that will reduce the deficit by about $100 billion over the next 3 fiscal years,The Economic Report,
Deficit Reduction Act of 1984,Exogenous,Deficit-driven,deficit reduction program,1985 Budget,02-01-1984
Deficit Reduction Act of 1984,Exogenous,Deficit-driven,"The Deficit Reduction Act of 1984 contained numerous tax code changes, most of which were individually small and designed to make existing tax laws more effective",The 1985 Economic Report,
Deficit Reduction Act of 1984,Exogenous,Deficit-driven,"Let us go forward with an historic reform for fairness, simplicity, and incentives for growth",,
Deficit Reduction Act of 1984,Exogenous,Deficit-driven,"We believe that there are loopholes, there are provisions in the tax law that, in some instances, say, are unfair generally, or some can take advantage—unintended advantage of them",,01-25-1984
Deficit Reduction Act of 1984,Exogenous,Deficit-driven,"are designed to increase the efficiency of the tax system by curbing tax shelter abuse, limiting unwarranted tax benefits, and increasing taxpayer compliance",1986 Budget,03-21-1984
Deficit Reduction Act of 1984,Exogenous,Deficit-driven,"Vigorous, noninflationary economic recovery is well underway",The February 1984 Budget Message,
Deficit Reduction Act of 1984,Exogenous,Deficit-driven,I don’t think it’s overheated. And I think it’s a solid one because it has been based on solid practices,1985 Budget,02-01-1984
Deficit Reduction Act of 1984,Exogenous,Deficit-driven,"raises the specter of sharply higher interest rates, choked-off investment, renewed recession, and rising unemployment",,03-21-1984
Deficit Reduction Act of 1984,Exogenous,Deficit-driven,down payment on the deficit,,
Deficit Reduction Act of 1984,Exogenous,Deficit-driven,"Despite the recovery of the U.S. economy in 1983, there is now widespread concern that the massive budget deficits projected by both the Office of Management and Budget and the Congressional Budget Office will threaten continued economic growth and investment. The first objective of the bill is to reduce these budget deficits in order to safeguard the economic recovery",A supplemental House report on the substitute bill,
Deficit Reduction Act of 1984,Exogenous,Deficit-driven,The second objective of the bill is to prevent further erosion of the tax base as a result of tax sheltering activity. … The third objective of the bill is to ensure that all taxpayers pay a fair share of the tax burden. The fourth principal objective of the bill is to improve the administration and efficiency of the tax system,,03-05-1984
Deficit Reduction Act of 1984,Exogenous,Deficit-driven,subject to numerous transition rules,1986 Budget,
Tax Reform Act of 1986,Exogenous,Long-run,I’m well aware that there are many other desirable and needed tax changes …. I pledge I will join with you in seeking these additional tax changes at the earliest date possible,Reagan,
Tax Reform Act of 1986,Exogenous,Long-run,"Let us go forward with an historic reform for fairness, simplicity, and incentives for growth. I am asking Secretary Don Regan for a plan of action to simplify the entire tax code, so all taxpayers, big and small, are treated more fairly",Reagan,02-18-1981
Tax Reform Act of 1986,Exogenous,Long-run,"transform a system that’s become an endless source of confusion and resentment into one that is clear, simple, and fair for all—a tax code that … ensures your families and firms incentives and rewards for hard work and risk-taking in an American future of strong economic growth",,
Tax Reform Act of 1986,Exogenous,Long-run,"Fair and simpler for most Americans, this is a tax code designed to take us into a future of technological invention and economic achievement, one that will keep America competitive and growing into the 21st century",Reagan,
Tax Reform Act of 1986,Exogenous,Long-run,may cause some short-run adjustment problems,1987 Economic Report,10-22-1986
Tax Reform Act of 1986,Exogenous,Long-run,"The committee believes that the tax system is nearing a crisis point. … Unless decisive action is taken now, compliance with the tax system will further erode and the inefficiencies introduced by the tax system will restrict the potential growth of the economy",The House report,
Tax Reform Act of 1986,Exogenous,Long-run,reduce the interference of the tax system in the efficient allocation of resources in the economy,,12-07-1985
Tax Reform Act of 1986,Exogenous,Long-run,certain property will continue to be eligible for the investment credit for various periods through 1990,,
Omnibus Budget Reconciliation Act of 1987,Exogenous,Deficit-driven,the Federal deficit is outrageous. … Together we made a commitment to balance the budget. Now let’s keep it,Reagan,
Omnibus Budget Reconciliation Act of 1987,Exogenous,Deficit-driven,[d]eficit reduction must continue and must be achieved by restraining the growth of Federal Spending—not by raising taxes,1987 Economic Report,01-27-1987
Omnibus Budget Reconciliation Act of 1987,Exogenous,Deficit-driven,"This country has been held captive by the threat of ever-increasing deficits, and it became apparent several weeks ago when our nation was stunned as the stock market took a dramatic dive",Reagan seemed to have embraced this view when he,10-20-1987
Omnibus Budget Reconciliation Act of 1987,Exogenous,Deficit-driven,"It became clear … on that day that it was time for action, and immediately we took the necessary steps to deal with our Federal budget problems",,11-20-1987
Omnibus Budget Reconciliation Act of 1987,Exogenous,Deficit-driven,The Gramm-Rudman-Hollings law and our recent agreement with the Congress on a 2-year budget-trimming package have charted the course for additional deficit reduction,The 1988 Economic Report,11-20-1987
Omnibus Budget Reconciliation Act of 1987,Exogenous,Deficit-driven,an agreement between the administration and the Congress to place our country on the right course toward reducing the Federal budget deficit and continuing the longest peacetime expansion in history,,
Omnibus Budget Reconciliation Act of 1987,Exogenous,Deficit-driven,"The Administration’s economic forecast anticipates that the rate of economic expansion will slow this year from the rapid pace set in 1987. Subsequently, growth is projected to resume at a rate that more fully reflects the economy’s long-term potential",1988 Economic Report,12-22-1987
Omnibus Budget Reconciliation Act of 1987,Exogenous,Deficit-driven,My Administration has adopted a long-term view that fiscal policy determines the division of economic activity between the public and private sectors and is not meant to respond to every rise and fall in the economic data,,
Omnibus Budget Reconciliation Act of 1987,Exogenous,Deficit-driven,Title X provides $12 billion of additional revenues to reduce the fiscal year 1988 deficit,,
Omnibus Budget Reconciliation Act of 1987,Exogenous,Deficit-driven,It is a real set of deficit reductions. It isn’t painless for the very reason that it is real and not cosmetic,,
Omnibus Budget Reconciliation Act of 1987,Exogenous,Deficit-driven,we see this agreement as a milestone in our efforts to bring about a reduction of the deficit,,11-20-1987
Omnibus Budget Reconciliation Act of 1987,Exogenous,Deficit-driven,I agreed to some $29 billion in additional revenues … over 2 years,1989 Budget,
Omnibus Budget Reconciliation Act of 1990,Exogenous,Deficit-driven,deficit reduction package,1991 Economic Report,
Omnibus Budget Reconciliation Act of 1990,Exogenous,Deficit-driven,a cancer gnawing away at our nation’s health. That cancer is the budget deficit,,
Omnibus Budget Reconciliation Act of 1990,Exogenous,Deficit-driven,will improve the progressivity of the tax system … and will enhance [Medicare’s] long-term solvency,,
Omnibus Budget Reconciliation Act of 1990,Exogenous,Deficit-driven,the goal of personalizing the Federal income tax based on each individual’s ability to pay taxes,,
Omnibus Budget Reconciliation Act of 1990,Exogenous,Deficit-driven,"will both promote greater energy self-sufficiency and reduce atmospheric pollution,",,
Omnibus Budget Reconciliation Act of 1990,Exogenous,Deficit-driven,[i]ncreasing these excise taxes has the … benefit of raising revenue to reduce the deficit,,
Omnibus Budget Reconciliation Act of 1993,Exogenous,Deficit-driven,"a deficit reduction program that will increase the savings available for the private sector to invest, will lower interest rates, will decrease the percentage of the Federal budget claimed by interest payments, and decrease the risk of financial market disruptions that could adversely affect our economy",,
Omnibus Budget Reconciliation Act of 1993,Exogenous,Deficit-driven,"Over the long run, all this will bring us a higher rate of economic growth, improved productivity, more high-quality jobs, and an improved economic competitive position in the world",,02-17-1993
Omnibus Budget Reconciliation Act of 1993,Exogenous,Deficit-driven,"a little more in deficit The report also argued for some of the revenue measures (including the increase in gasoline taxes) on the grounds that some of the additional revenues could be used for valuable spending projects. As described below, however, the overall effect of the bill was to reduce spending. reduction today, so that we can all enjoy better jobs and higher incomes tomorrow",,
Omnibus Budget Reconciliation Act of 1993,Exogenous,Deficit-driven,Reducing the budget deficit was a necessary part of clearing away the financial underbrush … so that economic growth could be put on a sounder and more sustained footing,the 1994 Economic Report,05-15-1993
Omnibus Budget Reconciliation Act of 1993,Exogenous,Deficit-driven,This bill embodies all the basic elements of President Clinton’s program to turn our country away from being an excess-consumption economy and toward investment in the future productivity of our people,The House report on the bill,
Omnibus Budget Reconciliation Act of 1993,Exogenous,Deficit-driven,the necessary first step in long-run deficit control,,05-25-1993
Omnibus Budget Reconciliation Act of 1993,Exogenous,Deficit-driven,[i]t reduces the huge drain on the nation’s savings pool that the deficit represents,,05-25-1993
Omnibus Budget Reconciliation Act of 1993,Exogenous,Deficit-driven,The tax package restores tax code progressivity lost in recent years,the House report,
Taxpayer Relief Act of 1997 and Balanced Budget Act of 1997,Endogenous,Spending-driven,"the President continues to seek cuts in unnecessary and lower-priority spending …, and to eliminate unwarranted tax loopholes and preferences. His $388 billion in total savings would do more than bring the budget into balance by 2002. They also would provide enough savings to finance a modest tax cut",1998 Budget,
Taxpayer Relief Act of 1997 and Balanced Budget Act of 1997,Endogenous,Spending-driven,"We must balance the budget to keep interest rates down and investment up and jobs coming in. … This month I submitted my plan to balance the budget by 2002. … It saves $350 billion over the next 5 years, enough not only to balance the budget but also to cut taxes",the president,
Taxpayer Relief Act of 1997 and Balanced Budget Act of 1997,Endogenous,Spending-driven,"We abandoned trickle-down and the big deficits and instead adopted an invest and grow strategy …. The agreement that we signed with the Republican and Democratic leaders of Congress reflects the invest and grow strategy. … It eliminates the deficit, it invests in education, it extends health care for more of our children while securing Medicare for our parents, and it provides for an affordable tax cut for the American people",,02-22-1997
Taxpayer Relief Act of 1997 and Balanced Budget Act of 1997,Endogenous,Spending-driven,"balancing the Federal budget is only half the job. Congress and the administration must, at the same time, let Americans keep more of their own money …. That is the principle behind this legislation …. This bill and its twin measure, the Balanced Budget Act of 1997, seek jointly … to balance the Federal budget by 2002 and provide much-needed tax relief for America’s middle-income working families",,
Economic Growth and Tax Relief Reconciliation Act of 2001,Endogenous,Countercyclical,"the surplus is the people’s money. And our people are overtaxed. … [W]ith about quarter of that surplus, we need [to] give the hard-working people of America their money back. Your money, not the government’s money. We’re going to get rid of the death tax and the marriage penalty. We’re reducing rates on everybody who pays taxes in America",,08-03-2000
Economic Growth and Tax Relief Reconciliation Act of 2001,Endogenous,Countercyclical,"over the long run, wealth is created by hard-working, risk-taking individuals, not government programs. Countries with low taxes, limited regulation, and open trade grow faster, create more jobs, and enjoy higher standards of living than countries with bigger, more centralized governments and higher taxes",The proposal,
Economic Growth and Tax Relief Reconciliation Act of 2001,Endogenous,Countercyclical,"tax cut will help prevent a prolonged economic downturn,",But it also,02-08-2001
Economic Growth and Tax Relief Reconciliation Act of 2001,Endogenous,Countercyclical,President Bush believes that the best way to ensure that prosperity continues is to put more money in the hands of consumers and entrepreneurs. That is why he advocates cutting tax rates now. President Bush will work with the Congress to accelerate a portion of his tax plan to the beginning of 2001,But it also,02-08-2001
Economic Growth and Tax Relief Reconciliation Act of 2001,Endogenous,Countercyclical,"Tax relief is right, and tax relief is urgent. The long economic expansion that began almost 10 years ago is faltering. … We must act quickly. … So I want to work with you to give our economy an important jump-start by making tax relief retroactive",,02-27-2001
Economic Growth and Tax Relief Reconciliation Act of 2001,Endogenous,Countercyclical,"For several months, economic indicators have pointed toward a slowdown …. It is only common sense to give our economy a boost in a slowdown. Yet tax relief is more than common sense; it is a matter of principle. … I would be recommending these changes in any economic circumstance",,
Job Creation and Worker Assistance Act of 2002,Endogenous,Countercyclical,"there’s another front on the war, as well, and that’s our economy. … [I]t’s clear that our economy has been shocked.",Bush,
Job Creation and Worker Assistance Act of 2002,Endogenous,Countercyclical,"We believe the best way to stimulate and restore confidence to the economy is not through additional spending, but through tax relief",Bush,
Job Creation and Worker Assistance Act of 2002,Endogenous,Countercyclical,"our economy is in recession,",,10-26-2001
Job Creation and Worker Assistance Act of 2002,Endogenous,Countercyclical,"[t]he way out of this recession … is to grow the economy by encouraging investment in factories and equipment, and by speeding up tax relief so people have more money to spend. For the sake of American workers, let’s pass a stimulus package",,10-26-2001
Job Creation and Worker Assistance Act of 2002,Endogenous,Countercyclical,"The terrorist attacks introduced new risks into the economic environment. … The Administration has proposed measures designed to provide economic growth insurance, or economic stimulus. The central focus of this effort is to address the immediate needs of those displaced workers directly affected by the recession and the terrorist attacks, while also mitigating the effects of these events on the broader economy",The 2002 Economic Report,01-29-2002
Job Creation and Worker Assistance Act of 2002,Endogenous,Countercyclical,"the September 11, 2001 attacks have caused adverse effects to the U.S. economy. Thousands of Americans have lost jobs. Consumer confidence and investor confidence are low. The Committee believes that it is necessary to spur economic growth and job creation and help struggling business and unemployed workers",the House report on the bill,
Job Creation and Worker Assistance Act of 2002,Endogenous,Countercyclical,"We’re seeing some encouraging signs in the economy, but we can’t stand by and simply hope for continued recovery. We must work for it. We must make sure that our recovery continues and gains momentum",Bush,
Job Creation and Worker Assistance Act of 2002,Endogenous,Countercyclical,a tax policy especially appropriate for the fledgling recovery,2003 Economic Report,03-09-2002
Job Creation and Worker Assistance Act of 2002,Endogenous,Countercyclical,the right mix in order to try to provide some relief for an economy that is still dragging and still very much at risk,,
Job Creation and Worker Assistance Act of 2002,Endogenous,Countercyclical,the state of the economy in the last year and the number of people who are out of jobs and need help,Senator Baucus,03-07-2002
Job Creation and Worker Assistance Act of 2002,Endogenous,Countercyclical,"we are turning the corner,",Senator Baucus,
Job Creation and Worker Assistance Act of 2002,Endogenous,Countercyclical,"Job Creation and Worker Assistance Act of 2002,",,
Job Creation and Worker Assistance Act of 2002,Endogenous,Countercyclical,"Job Creation and Worker Assistance Act of 2002,",,03-06-2002
Job Creation and Worker Assistance Act of 2002,Endogenous,Countercyclical,bonus depreciation,,
Jobs and Growth Tax Relief Reconciliation Act of 2003,Exogenous,Long-run,to enhance the long-term growth of the economy,The 2003 Economic Report,
Jobs and Growth Tax Relief Reconciliation Act of 2003,Exogenous,Long-run,improving the long-term efficiency of capital markets,The 2003 Economic Report,
Jobs and Growth Tax Relief Reconciliation Act of 2003,Exogenous,Long-run,increas[ing] growth incentives for small business owners,,
Jobs and Growth Tax Relief Reconciliation Act of 2003,Exogenous,Long-run,are essential for the long run … to lay the groundwork for future growth and future prosperity,Bush,
Jobs and Growth Tax Relief Reconciliation Act of 2003,Exogenous,Long-run,This growth-and-jobs package is essential in the short run; it’s an immediate boost to the economy,Bush,
Jobs and Growth Tax Relief Reconciliation Act of 2003,Exogenous,Long-run,"Our country has made great progress in restoring investor confidence and putting the recession behind us. We cannot be satisfied, however, until … every person who wants to work can find a job",Bush,
Jobs and Growth Tax Relief Reconciliation Act of 2003,Exogenous,Long-run,We need tax relief that creates the greatest number of jobs. The goal is to create a million new jobs by the end of next year.,,01-11-2003
Jobs and Growth Tax Relief Reconciliation Act of 2003,Exogenous,Long-run,"Our economy is growing. We’ve got many strengths in our economy. … But … there’s unmet potential in this economy. It’s not growing fast enough. In spite of the strengths, there’s still people looking for work, and we’ve got to do more",,
Jobs and Growth Tax Relief Reconciliation Act of 2003,Exogenous,Long-run,Americans carry a heavy burden of taxes and debt that could slow consumer spending. … Consumer spending accounts for about 70 percent of our economy. It has been the driving force of our recovery. Yet there are warning signs.,,
Jobs and Growth Tax Relief Reconciliation Act of 2003,Exogenous,Long-run,"The unemployment rate today is 6 percent. That’s low for an economy coming out of recession. It’s higher than it should be, and the unemployment rate is projected to rise even further in the short run",,
Jobs and Growth Tax Relief Reconciliation Act of 2003,Exogenous,Long-run,our economy is kind of bumping along. It’s not as strong as it should be. It’s bumping and bumping,,01-07-2003
Jobs and Growth Tax Relief Reconciliation Act of 2003,Exogenous,Long-run,"Our economy is growing … but it’s not growing strong enough,",,11-04-2002
Jobs and Growth Tax Relief Reconciliation Act of 2003,Exogenous,Long-run,the economy needs a little extra oomph,,11-04-2002
Jobs and Growth Tax Relief Reconciliation Act of 2003,Exogenous,Long-run,"At the start of 2003 the consensus of private forecasters predicted accelerating growth in real GDP over the course of the year, which would raise investment, reduce unemployment, and increase job growth. This consensus view is reflected in the Administration’s outlook",2003 Economic Report,
Jobs and Growth Tax Relief Reconciliation Act of 2003,Exogenous,Long-run,"To insure against these near-term risks while boosting long-term growth, the President has proposed a focused set of initiatives",and,
Jobs and Growth Tax Relief Reconciliation Act of 2003,Exogenous,Long-run,"The pace of economic activity is expected to gather momentum during 2003 …. During the next few years, real growth is projected to exceed the Nation’s long-term potential, which is estimated at 3.1 percent. The unemployment rate is expected to decline",2004 Budget,
Jobs and Growth Tax Relief Reconciliation Act of 2003,Exogenous,Long-run,"Finally, there are signs that the economy is not growing as fast as desirable. The Committee believes that immediate tax relief could encourage growth in the economy by providing individuals with additional tax relief",and then,
Jobs and Growth Tax Relief Reconciliation Act of 2003,Exogenous,Long-run,immediate tax relief may encourage short-tern growth in the economy by providing individuals with additional cash to spend,,
Jobs and Growth Tax Relief Reconciliation Act of 2003,Exogenous,Long-run,"The Committee believes that increasing and extending the additional first-year depreciation will accelerate purchases of equipment, promote capital investment, modernization, and growth, and will help to spur an economic recovery",,
Jobs and Growth Tax Relief Reconciliation Act of 2003,Exogenous,Long-run,signs that the economy is not growing as fast as desirable,,
Jobs and Growth Tax Relief Reconciliation Act of 2003,Exogenous,Long-run,to spur an economic recovery,,
